address,propertyType,bedrooms,bathrooms,latitude,longitude,display_price,date_sold
"9, Stallcourt Avenue, Cardiff CF23 5AL",TERRACED,3.0,2.0,51.49517,-3.15421,"£437,000",10 Jan 2025
"9, Stallcourt Avenue, Cardiff CF23 5AL",TERRACED,3.0,2.0,51.49517,-3.15421,"£330,000",18 Apr 2019
"87, Clifton Street, Cardiff CF24 1LT",TERRACED,3.0,1.0,51.48374,-3.1558,"£240,000",10 Jan 2025
"87, Clifton Street, Cardiff CF24 1LT",TERRACED,3.0,1.0,51.48374,-3.1558,"£207,000",28 Oct 2022
"87, Clifton Street, Cardiff CF24 1LT",TERRACED,3.0,1.0,51.48374,-3.1558,"£151,000",23 Jul 2015
"87, Clifton Street, Cardiff CF24 1LT",TERRACED,3.0,1.0,51.48374,-3.1558,"£80,500",13 Oct 2014
"101, Arran Street, Roath, Cardiff CF24 3HU",TERRACED,4.0,1.0,51.49129,-3.16463,"£250,000",6 Jan 2025
"101, Arran Street, Roath, Cardiff CF24 3HU",TERRACED,4.0,1.0,51.49129,-3.16463,"£172,500",25 Mar 2014
"101, Arran Street, Roath, Cardiff CF24 3HU",TERRACED,4.0,1.0,51.49129,-3.16463,"£125,000",14 Apr 2003
"101, Arran Street, Roath, Cardiff CF24 3HU",TERRACED,4.0,1.0,51.49129,-3.16463,"£68,000",28 May 1999
"34b, Amesbury Road, Cardiff CF23 5DW",TERRACED,2.0,0.0,51.49692,-3.15872,"£252,000",20 Dec 2024
"34b, Amesbury Road, Cardiff CF23 5DW",TERRACED,2.0,0.0,51.49692,-3.15872,"£167,500",27 Nov 2006
"34b, Amesbury Road, Cardiff CF23 5DW",TERRACED,2.0,0.0,51.49692,-3.15872,"£79,950",9 Nov 2001
"34b, Amesbury Road, Cardiff CF23 5DW",TERRACED,2.0,0.0,51.49692,-3.15872,"£45,500",6 Dec 1996
"10, Blanche Street, Cardiff CF24 1QT",TERRACED,3.0,1.0,51.48955,-3.15018,"£230,000",20 Dec 2024
"10, Blanche Street, Cardiff CF24 1QT",TERRACED,3.0,1.0,51.48955,-3.15018,"£131,000",4 Sep 2009
"10, Blanche Street, Cardiff CF24 1QT",TERRACED,3.0,1.0,51.48955,-3.15018,"£127,000",15 Jun 2005
"10, Blanche Street, Cardiff CF24 1QT",TERRACED,3.0,1.0,51.48955,-3.15018,"£57,300",23 Jul 2001
"307, Railway Street, Cardiff CF24 2NE",TERRACED,3.0,1.0,51.48812,-3.14899,"£233,750",17 Dec 2024
"307, Railway Street, Cardiff CF24 2NE",TERRACED,3.0,1.0,51.48812,-3.14899,"£206,000",16 Dec 2021
"48, Talworth Street, Roath, Cardiff CF24 3EH",TERRACED,3.0,1.0,51.48848,-3.16686,"£250,000",17 Dec 2024
"140, Glenroy Street, Cardiff CF24 3LA",TERRACED,2.0,1.0,51.49299,-3.16568,"£245,000",12 Dec 2024
"140, Glenroy Street, Cardiff CF24 3LA",TERRACED,2.0,1.0,51.49299,-3.16568,"£191,250",30 Jun 2017
"140, Glenroy Street, Cardiff CF24 3LA",TERRACED,2.0,1.0,51.49299,-3.16568,"£151,000",31 Jul 2013
"140, Glenroy Street, Cardiff CF24 3LA",TERRACED,2.0,1.0,51.49299,-3.16568,"£138,500",1 Mar 2004
"195, Inverness Place, Cardiff CF24 4RY",TERRACED,3.0,1.0,51.4975,-3.17314,"£237,000",12 Dec 2024
"100, Pearl Street, Cardiff CF24 1PL",TERRACED,3.0,1.0,51.48647,-3.15241,"£220,000",11 Dec 2024
"100, Pearl Street, Cardiff CF24 1PL",TERRACED,3.0,1.0,51.48647,-3.15241,"£135,000",25 May 2010
"100, Pearl Street, Cardiff CF24 1PL",TERRACED,3.0,1.0,51.48647,-3.15241,"£101,000",4 Nov 2009
"44, Metal Street, Cardiff CF24 0JZ",TERRACED,3.0,2.0,51.48505,-3.15972,"£238,000",11 Dec 2024
"60, Alfred Street, Cardiff CF24 4TZ",TERRACED,3.0,1.0,51.49583,-3.16892,"£275,000",9 Dec 2024
"60, Alfred Street, Cardiff CF24 4TZ",TERRACED,3.0,1.0,51.49583,-3.16892,"£81,000",22 Dec 1999
"28, Horwood Close, Cardiff CF24 2LW",TERRACED,2.0,1.0,51.48849,-3.14727,"£202,000",9 Dec 2024
"28, Horwood Close, Cardiff CF24 2LW",TERRACED,2.0,1.0,51.48849,-3.14727,"£155,000",17 Aug 2018
"28, Horwood Close, Cardiff CF24 2LW",TERRACED,2.0,1.0,51.48849,-3.14727,"£41,950",21 Aug 1998
"158, Railway Street, Cardiff CF24 2NH",TERRACED,3.0,1.0,51.48694,-3.14997,"£240,000",6 Dec 2024
"158, Railway Street, Cardiff CF24 2NH",TERRACED,3.0,1.0,51.48694,-3.14997,"£220,000",22 Dec 2021
"158, Railway Street, Cardiff CF24 2NH",TERRACED,3.0,1.0,51.48694,-3.14997,"£150,000",10 Nov 2014
"158, Railway Street, Cardiff CF24 2NH",TERRACED,3.0,1.0,51.48694,-3.14997,"£139,500",2 Jan 2007
"158, Railway Street, Cardiff CF24 2NH",TERRACED,3.0,1.0,51.48694,-3.14997,"£108,000",18 Jul 2003
"158, Railway Street, Cardiff CF24 2NH",TERRACED,3.0,1.0,51.48694,-3.14997,"£62,000",6 Nov 2000
"65, Strathnairn Street, Cardiff CF24 3JP",TERRACED,2.0,1.0,51.49288,-3.16741,"£245,000",6 Dec 2024
"65, Strathnairn Street, Cardiff CF24 3JP",TERRACED,2.0,1.0,51.49288,-3.16741,"£193,000",31 Jan 2020
"65, Strathnairn Street, Cardiff CF24 3JP",TERRACED,2.0,1.0,51.49288,-3.16741,"£124,500",2 Aug 2012
"8, Princes Avenue, Cardiff CF24 3SN",TERRACED,3.0,2.0,51.49045,-3.15885,"£430,000",29 Nov 2024
"8, Princes Avenue, Cardiff CF24 3SN",TERRACED,3.0,2.0,51.49045,-3.15885,"£249,999",2 Oct 2014
"167, Arabella Street, Cardiff CF24 4SY",TERRACED,3.0,1.0,51.49662,-3.17139,"£340,000",29 Nov 2024
"167, Arabella Street, Cardiff CF24 4SY",TERRACED,3.0,1.0,51.49662,-3.17139,"£218,000",12 Aug 2015
"167, Arabella Street, Cardiff CF24 4SY",TERRACED,3.0,1.0,51.49662,-3.17139,"£181,000",14 Jul 2006
"167, Arabella Street, Cardiff CF24 4SY",TERRACED,3.0,1.0,51.49662,-3.17139,"£75,000",18 Dec 1998
"37, Partridge Road, Cardiff CF24 3QW",TERRACED,3.0,2.0,51.48854,-3.1611,"£422,000",29 Nov 2024
"37, Partridge Road, Cardiff CF24 3QW",TERRACED,3.0,2.0,51.48854,-3.1611,"£169,000",24 Jun 2002
"56, Cottrell Road, Roath, Cardiff CF24 3EZ",TERRACED,2.0,1.0,51.4922,-3.16408,"£261,000",27 Nov 2024
"56, Cottrell Road, Roath, Cardiff CF24 3EZ",TERRACED,2.0,1.0,51.4922,-3.16408,"£169,500",28 Jan 2016
"56, Cottrell Road, Roath, Cardiff CF24 3EZ",TERRACED,2.0,1.0,51.4922,-3.16408,"£44,000",28 Jun 1996
"21, Westville Road, Cardiff CF23 5DE",SEMI_DETACHED,4.0,2.0,51.49654,-3.16131,"£680,000",27 Nov 2024
"21, Westville Road, Cardiff CF23 5DE",SEMI_DETACHED,4.0,2.0,51.49654,-3.16131,"£462,000",28 Feb 2020
"21, Westville Road, Cardiff CF23 5DE",SEMI_DETACHED,4.0,2.0,51.49654,-3.16131,"£307,500",10 Mar 2017
"30, Piercefield Place, Cardiff CF24 0LD",SEMI_DETACHED,3.0,1.0,51.48567,-3.16031,"£290,000",26 Nov 2024
"30, Piercefield Place, Cardiff CF24 0LD",SEMI_DETACHED,3.0,1.0,51.48567,-3.16031,"£180,000",15 Jan 2016
"30, Piercefield Place, Cardiff CF24 0LD",SEMI_DETACHED,3.0,1.0,51.48567,-3.16031,"£198,000",11 Sep 2009
"30, Piercefield Place, Cardiff CF24 0LD",SEMI_DETACHED,3.0,1.0,51.48567,-3.16031,"£50,500",28 Feb 1997
"28, Lochaber Street, Cardiff CF24 3LS",TERRACED,4.0,1.0,51.49612,-3.16691,"£495,000",25 Nov 2024
"28, Lochaber Street, Cardiff CF24 3LS",TERRACED,4.0,1.0,51.49612,-3.16691,"£335,000",29 Sep 2017
"124, Arabella Street, Cardiff CF24 4SY",TERRACED,5.0,3.0,51.49662,-3.17139,"£310,000",25 Nov 2024
"124, Arabella Street, Cardiff CF24 4SY",TERRACED,5.0,3.0,51.49662,-3.17139,"£239,950",13 Apr 2017
"49, Cyfarthfa Street, Cardiff CF24 3HF",TERRACED,2.0,1.0,51.49011,-3.16618,"£229,500",22 Nov 2024
"49, Cyfarthfa Street, Cardiff CF24 3HF",TERRACED,2.0,1.0,51.49011,-3.16618,"£165,000",29 Jun 2016
"49, Cyfarthfa Street, Cardiff CF24 3HF",TERRACED,2.0,1.0,51.49011,-3.16618,"£65,000",27 Jul 2001
"31, Bradley Street, Cardiff CF24 1PE",TERRACED,3.0,1.0,51.48863,-3.15145,"£270,000",20 Nov 2024
"31, Bradley Street, Cardiff CF24 1PE",TERRACED,3.0,1.0,51.48863,-3.15145,"£69,500",28 Feb 2002
"31, Bradley Street, Cardiff CF24 1PE",TERRACED,3.0,1.0,51.48863,-3.15145,"£20,000",1 Nov 1995
"45, Doe Close, Penylan, Cardiff CF23 9HJ",TERRACED,3.0,2.0,51.49689,-3.15296,"£357,500",14 Nov 2024
"45, Doe Close, Penylan, Cardiff CF23 9HJ",TERRACED,3.0,2.0,51.49689,-3.15296,"£235,000",15 May 2015
"45, Doe Close, Penylan, Cardiff CF23 9HJ",TERRACED,3.0,2.0,51.49689,-3.15296,"£207,500",17 Dec 2003
"16, Deri Road, Cardiff CF23 5AJ",TERRACED,4.0,2.0,51.49544,-3.15451,"£483,000",11 Nov 2024
"16, Deri Road, Cardiff CF23 5AJ",TERRACED,4.0,2.0,51.49544,-3.15451,"£396,000",21 Aug 2020
"16, Deri Road, Cardiff CF23 5AJ",TERRACED,4.0,2.0,51.49544,-3.15451,"£370,000",25 Oct 2017
"16, Deri Road, Cardiff CF23 5AJ",TERRACED,4.0,2.0,51.49544,-3.15451,"£249,999",22 Jun 2005
"16, Deri Road, Cardiff CF23 5AJ",TERRACED,4.0,2.0,51.49544,-3.15451,"£199,950",7 Feb 2003
"16, Deri Road, Cardiff CF23 5AJ",TERRACED,4.0,2.0,51.49544,-3.15451,"£72,500",24 Nov 1995
"42, Doe Close, Penylan, Cardiff CF23 9HJ",TERRACED,3.0,2.0,51.49689,-3.15296,"£325,000",8 Nov 2024
"42, Doe Close, Penylan, Cardiff CF23 9HJ",TERRACED,3.0,2.0,51.49689,-3.15296,"£224,950",5 Sep 2014
"42, Doe Close, Penylan, Cardiff CF23 9HJ",TERRACED,3.0,2.0,51.49689,-3.15296,"£239,250",26 Aug 2004
"104, Keppoch Street, Cardiff CF24 3JU",TERRACED,2.0,1.0,51.49227,-3.16537,"£257,500",4 Nov 2024
"104, Keppoch Street, Cardiff CF24 3JU",TERRACED,2.0,1.0,51.49227,-3.16537,"£215,000",3 Sep 2021
"104, Keppoch Street, Cardiff CF24 3JU",TERRACED,2.0,1.0,51.49227,-3.16537,"£156,000",16 Mar 2012
"104, Keppoch Street, Cardiff CF24 3JU",TERRACED,2.0,1.0,51.49227,-3.16537,"£104,950",7 Jun 2002
"6, Pen Y Wain Place, Cardiff CF24 4GA",TERRACED,4.0,1.0,51.49728,-3.16853,"£422,250",4 Nov 2024
"6, Pen Y Wain Place, Cardiff CF24 4GA",TERRACED,4.0,1.0,51.49728,-3.16853,"£93,000",1 Feb 1999
"6, Pen Y Wain Place, Cardiff CF24 4GA",TERRACED,4.0,1.0,51.49728,-3.16853,"£76,000",21 Feb 1997
"13, Cecil Street, Roath, Cardiff CF24 1NU",TERRACED,3.0,1.0,51.48762,-3.15402,"£245,000",4 Nov 2024
"13, Cecil Street, Roath, Cardiff CF24 1NU",TERRACED,3.0,1.0,51.48762,-3.15402,"£196,000",2 Nov 2018
"13, Cecil Street, Roath, Cardiff CF24 1NU",TERRACED,3.0,1.0,51.48762,-3.15402,"£145,000",24 May 2013
"13, Cecil Street, Roath, Cardiff CF24 1NU",TERRACED,3.0,1.0,51.48762,-3.15402,"£40,000",27 Feb 1998
"69, Melrose Avenue, Penylan, Cardiff CF23 9AT",TERRACED,4.0,2.0,51.49759,-3.15543,"£450,000",4 Nov 2024
"69, Melrose Avenue, Penylan, Cardiff CF23 9AT",TERRACED,4.0,2.0,51.49759,-3.15543,"£340,550",30 Oct 2015
"69, Melrose Avenue, Penylan, Cardiff CF23 9AT",TERRACED,4.0,2.0,51.49759,-3.15543,"£262,000",7 Mar 2008
"69, Melrose Avenue, Penylan, Cardiff CF23 9AT",TERRACED,4.0,2.0,51.49759,-3.15543,"£240,000",20 May 2005
"69, Melrose Avenue, Penylan, Cardiff CF23 9AT",TERRACED,4.0,2.0,51.49759,-3.15543,"£116,000",15 May 2001
"96, Glenroy Street, Cardiff CF24 3JY",TERRACED,3.0,1.0,51.49225,-3.16768,"£270,000",4 Nov 2024
"96, Glenroy Street, Cardiff CF24 3JY",TERRACED,3.0,1.0,51.49225,-3.16768,"£182,500",4 Mar 2016
"96, Glenroy Street, Cardiff CF24 3JY",TERRACED,3.0,1.0,51.49225,-3.16768,"£164,950",10 Aug 2006
"96, Glenroy Street, Cardiff CF24 3JY",TERRACED,3.0,1.0,51.49225,-3.16768,"£134,000",8 Dec 2003
"96, Glenroy Street, Cardiff CF24 3JY",TERRACED,3.0,1.0,51.49225,-3.16768,"£46,500",10 Oct 1996
"55, Princes Street, Cardiff CF24 3SL",TERRACED,4.0,1.0,51.49207,-3.15889,"£535,000",1 Nov 2024
"55, Princes Street, Cardiff CF24 3SL",TERRACED,4.0,1.0,51.49207,-3.15889,"£126,000",23 Apr 1998
"92, Cyfarthfa Street, Cardiff CF24 3HG",TERRACED,3.0,1.0,51.49021,-3.16489,"£253,000",1 Nov 2024
"92, Cyfarthfa Street, Cardiff CF24 3HG",TERRACED,3.0,1.0,51.49021,-3.16489,"£210,000",9 Dec 2020
"92, Cyfarthfa Street, Cardiff CF24 3HG",TERRACED,3.0,1.0,51.49021,-3.16489,"£167,000",2 Nov 2005
"73, Clifton Street, Cardiff CF24 1LT",TERRACED,2.0,1.0,51.48374,-3.1558,"£190,000",31 Oct 2024
"73, Clifton Street, Cardiff CF24 1LT",TERRACED,2.0,1.0,51.48374,-3.1558,"£128,000",23 Jun 2006
"85, Broadway, Cardiff CF24 1QF",SEMI_DETACHED,4.0,1.0,51.48861,-3.1539,"£190,000",30 Oct 2024
"66, Upper Kincraig Street, Roath, Cardiff CF24 3HB",TERRACED,2.0,1.0,51.49201,-3.16508,"£273,000",30 Oct 2024
"66, Upper Kincraig Street, Roath, Cardiff CF24 3HB",TERRACED,2.0,1.0,51.49201,-3.16508,"£178,000",22 Sep 2017
"66, Upper Kincraig Street, Roath, Cardiff CF24 3HB",TERRACED,2.0,1.0,51.49201,-3.16508,"£85,500",24 May 2002
"31, Arthur Street, Cardiff CF24 1QR",TERRACED,2.0,1.0,51.48927,-3.15046,"£205,000",25 Oct 2024
"31, Arthur Street, Cardiff CF24 1QR",TERRACED,2.0,1.0,51.48927,-3.15046,"£51,500",4 Feb 2000
"31, Arthur Street, Cardiff CF24 1QR",TERRACED,2.0,1.0,51.48927,-3.15046,"£58,000",25 Mar 1998
"111, Treharris Street, Cardiff CF24 3HP",TERRACED,2.0,1.0,51.49084,-3.16519,"£263,000",25 Oct 2024
"111, Treharris Street, Cardiff CF24 3HP",TERRACED,2.0,1.0,51.49084,-3.16519,"£175,000",11 Jul 2019
"4, Pen Y Wain Place, Cardiff CF24 4GA",TERRACED,4.0,1.0,51.49728,-3.16853,"£336,000",25 Oct 2024
"48, Ruby Street, Cardiff CF24 1LN",TERRACED,3.0,2.0,51.48571,-3.15657,"£234,000",25 Oct 2024
"48, Ruby Street, Cardiff CF24 1LN",TERRACED,3.0,2.0,51.48571,-3.15657,"£175,000",10 Dec 2021
"62, Diana Street, Cardiff CF24 4TW",TERRACED,3.0,1.0,51.49574,-3.16921,"£289,750",25 Oct 2024
"62, Diana Street, Cardiff CF24 4TW",TERRACED,3.0,1.0,51.49574,-3.16921,"£168,000",29 Jul 2011
"103, Arran Street, Roath, Cardiff CF24 3HU",TERRACED,3.0,1.0,51.49129,-3.16463,"£241,000",25 Oct 2024
"103, Arran Street, Roath, Cardiff CF24 3HU",TERRACED,3.0,1.0,51.49129,-3.16463,"£135,000",11 Apr 2003
"103, Arran Street, Roath, Cardiff CF24 3HU",TERRACED,3.0,1.0,51.49129,-3.16463,"£85,950",12 Jul 2001
"103, Arran Street, Roath, Cardiff CF24 3HU",TERRACED,3.0,1.0,51.49129,-3.16463,"£60,000",26 Feb 2001
"80, Keppoch Street, Cardiff CF24 3JU",TERRACED,2.0,1.0,51.49227,-3.16537,"£245,000",25 Oct 2024
"80, Keppoch Street, Cardiff CF24 3JU",TERRACED,2.0,1.0,51.49227,-3.16537,"£166,500",19 Jan 2015
"80, Keppoch Street, Cardiff CF24 3JU",TERRACED,2.0,1.0,51.49227,-3.16537,"£124,000",1 Sep 2003
"227, Newport Road, Cardiff CF24 1RG",DETACHED,4.0,1.0,51.49101,-3.1567,"£505,000",24 Oct 2024
"227, Newport Road, Cardiff CF24 1RG",DETACHED,4.0,1.0,51.49101,-3.1567,"£87,950",20 Sep 1996
"9, Blanche Street, Cardiff CF24 1QS",TERRACED,2.0,1.0,51.48981,-3.15019,"£225,000",22 Oct 2024
"9, Blanche Street, Cardiff CF24 1QS",TERRACED,2.0,1.0,51.48981,-3.15019,"£165,000",3 Sep 2018
"9, Blanche Street, Cardiff CF24 1QS",TERRACED,2.0,1.0,51.48981,-3.15019,"£133,500",16 Dec 2004
"9, Blanche Street, Cardiff CF24 1QS",TERRACED,2.0,1.0,51.48981,-3.15019,"£56,000",24 Sep 2001
"50, Talworth Street, Roath, Cardiff CF24 3EH",SEMI_DETACHED,5.0,1.0,51.48848,-3.16686,"£260,000",21 Oct 2024
"50, Talworth Street, Roath, Cardiff CF24 3EH",SEMI_DETACHED,5.0,1.0,51.48848,-3.16686,"£169,950",23 Aug 2004
"181, Arabella Street, Cardiff CF24 4SZ",TERRACED,2.0,2.0,51.49742,-3.17213,"£277,500",18 Oct 2024
"181, Arabella Street, Cardiff CF24 4SZ",TERRACED,2.0,2.0,51.49742,-3.17213,"£220,000",12 Mar 2020
"181, Arabella Street, Cardiff CF24 4SZ",TERRACED,2.0,2.0,51.49742,-3.17213,"£205,000",8 Apr 2016
"181, Arabella Street, Cardiff CF24 4SZ",TERRACED,2.0,2.0,51.49742,-3.17213,"£172,000",9 Jul 2014
"181, Arabella Street, Cardiff CF24 4SZ",TERRACED,2.0,2.0,51.49742,-3.17213,"£164,250",13 Nov 2009
"46, Sandringham Road, Cardiff CF23 5BL",TERRACED,4.0,1.0,51.49433,-3.15722,"£660,000",16 Oct 2024
"46, Sandringham Road, Cardiff CF23 5BL",TERRACED,4.0,1.0,51.49433,-3.15722,"£553,000",9 Jul 2018
"Flat 10, Windsor Court, Moira Terrace, Cardiff CF24 0DZ",FLAT,1.0,1.0,51.48248,-3.16484,"£127,000",14 Oct 2024
"Flat 10, Windsor Court, Moira Terrace, Cardiff CF24 0DZ",FLAT,1.0,1.0,51.48248,-3.16484,"£120,000",28 Apr 2023
"Flat 10, Windsor Court, Moira Terrace, Cardiff CF24 0DZ",FLAT,1.0,1.0,51.48248,-3.16484,"£110,000",17 Jan 2019
"Flat 10, Windsor Court, Moira Terrace, Cardiff CF24 0DZ",FLAT,1.0,1.0,51.48248,-3.16484,"£98,000",15 Jul 2016
"Flat 10, Windsor Court, Moira Terrace, Cardiff CF24 0DZ",FLAT,1.0,1.0,51.48248,-3.16484,"£85,000",4 Apr 2014
"Flat 10, Windsor Court, Moira Terrace, Cardiff CF24 0DZ",FLAT,1.0,1.0,51.48248,-3.16484,"£80,000",27 Apr 2005
"Flat 10, Windsor Court, Moira Terrace, Cardiff CF24 0DZ",FLAT,1.0,1.0,51.48248,-3.16484,"£34,500",1 Oct 2001
"Flat 10, Windsor Court, Moira Terrace, Cardiff CF24 0DZ",FLAT,1.0,1.0,51.48248,-3.16484,"£26,000",27 Apr 1999
"5, Dalcross Street, Cardiff CF24 4SD",TERRACED,3.0,1.0,51.4958,-3.17281,"£225,000",7 Oct 2024
"5, Dalcross Street, Cardiff CF24 4SD",TERRACED,3.0,1.0,51.4958,-3.17281,"£185,000",19 Dec 2017
"5, Dalcross Street, Cardiff CF24 4SD",TERRACED,3.0,1.0,51.4958,-3.17281,"£155,000",24 Mar 2017
"5, Dalcross Street, Cardiff CF24 4SD",TERRACED,3.0,1.0,51.4958,-3.17281,"£43,000",1 Apr 1999
"80b, Connaught Road, Cardiff CF24 3PX",TERRACED,1.0,0.0,51.4927,-3.16212,"£175,000",4 Oct 2024
"80b, Connaught Road, Cardiff CF24 3PX",TERRACED,1.0,0.0,51.4927,-3.16212,"£142,000",8 Oct 2021
"80b, Connaught Road, Cardiff CF24 3PX",TERRACED,1.0,0.0,51.4927,-3.16212,"£118,500",22 Nov 2019
"80b, Connaught Road, Cardiff CF24 3PX",TERRACED,1.0,0.0,51.4927,-3.16212,"£102,500",20 Apr 2007
"80b, Connaught Road, Cardiff CF24 3PX",TERRACED,1.0,0.0,51.4927,-3.16212,"£95,000",16 Dec 2005
"80b, Connaught Road, Cardiff CF24 3PX",TERRACED,1.0,0.0,51.4927,-3.16212,"£67,000",18 Jul 2003
"80b, Connaught Road, Cardiff CF24 3PX",TERRACED,1.0,0.0,51.4927,-3.16212,"£29,000",30 Oct 1998
"14, Cottrell Road, Roath, Cardiff CF24 3EY",TERRACED,2.0,1.0,51.49121,-3.16333,"£210,000",4 Oct 2024
"1, Tyler Street, Cardiff CF24 1QP",TERRACED,2.0,1.0,51.49006,-3.15221,"£190,000",4 Oct 2024
"1, Tyler Street, Cardiff CF24 1QP",TERRACED,2.0,1.0,51.49006,-3.15221,"£25,704",14 Jan 2000
"33, Horwood Close, Cardiff CF24 2LW",TERRACED,2.0,1.0,51.48849,-3.14727,"£190,000",1 Oct 2024
"33, Horwood Close, Cardiff CF24 2LW",TERRACED,2.0,1.0,51.48849,-3.14727,"£155,000",3 Jan 2019
"33, Horwood Close, Cardiff CF24 2LW",TERRACED,2.0,1.0,51.48849,-3.14727,"£120,000",21 Oct 2005
"33, Horwood Close, Cardiff CF24 2LW",TERRACED,2.0,1.0,51.48849,-3.14727,"£44,950",4 Oct 1999
"112, Cyfarthfa Street, Cardiff CF24 3HG",TERRACED,2.0,1.0,51.49021,-3.16489,"£256,000",23 Sep 2024
"112, Cyfarthfa Street, Cardiff CF24 3HG",TERRACED,2.0,1.0,51.49021,-3.16489,"£210,000",16 Jul 2021
"112, Cyfarthfa Street, Cardiff CF24 3HG",TERRACED,2.0,1.0,51.49021,-3.16489,"£160,000",22 Jun 2020
"112, Cyfarthfa Street, Cardiff CF24 3HG",TERRACED,2.0,1.0,51.49021,-3.16489,"£134,000",31 Mar 2009
"112, Cyfarthfa Street, Cardiff CF24 3HG",TERRACED,2.0,1.0,51.49021,-3.16489,"£142,000",21 Dec 2005
"5, Amesbury Road, Cardiff CF23 5DW",TERRACED,4.0,1.0,51.49692,-3.15872,"£507,500",23 Sep 2024
"5, Amesbury Road, Cardiff CF23 5DW",TERRACED,4.0,1.0,51.49692,-3.15872,"£365,000",20 Jun 2019
"5, Amesbury Road, Cardiff CF23 5DW",TERRACED,4.0,1.0,51.49692,-3.15872,"£105,000",9 Jun 2000
"40, Arabella Street, Cardiff CF24 4TA",TERRACED,2.0,1.0,51.49393,-3.17031,"£192,500",20 Sep 2024
"40, Arabella Street, Cardiff CF24 4TA",TERRACED,2.0,1.0,51.49393,-3.17031,"£149,950",7 Sep 2007
"40, Arabella Street, Cardiff CF24 4TA",TERRACED,2.0,1.0,51.49393,-3.17031,"£66,000",1 Nov 1999
"40, Arabella Street, Cardiff CF24 4TA",TERRACED,2.0,1.0,51.49393,-3.17031,"£49,000",18 Apr 1997
"40, Arabella Street, Cardiff CF24 4TA",TERRACED,2.0,1.0,51.49393,-3.17031,"£43,950",20 Mar 1996
"167, Treharris Street, Cardiff CF24 3HQ",TERRACED,2.0,1.0,51.49112,-3.16419,"£265,000",20 Sep 2024
"167, Treharris Street, Cardiff CF24 3HQ",TERRACED,2.0,1.0,51.49112,-3.16419,"£210,000",21 Sep 2018
"167, Treharris Street, Cardiff CF24 3HQ",TERRACED,2.0,1.0,51.49112,-3.16419,"£150,000",17 Aug 2012
"167, Treharris Street, Cardiff CF24 3HQ",TERRACED,2.0,1.0,51.49112,-3.16419,"£159,950",13 Nov 2006
"167, Treharris Street, Cardiff CF24 3HQ",TERRACED,2.0,1.0,51.49112,-3.16419,"£77,000",27 Apr 2001
"167, Treharris Street, Cardiff CF24 3HQ",TERRACED,2.0,1.0,51.49112,-3.16419,"£43,950",10 Dec 1997
"12, Wordsworth Avenue, Cardiff CF24 3FQ",SEMI_DETACHED,4.0,2.0,51.48717,-3.16337,"£490,000",20 Sep 2024
"12, Wordsworth Avenue, Cardiff CF24 3FQ",SEMI_DETACHED,4.0,2.0,51.48717,-3.16337,"£350,000",29 Sep 2006
"12, Wordsworth Avenue, Cardiff CF24 3FQ",SEMI_DETACHED,4.0,2.0,51.48717,-3.16337,"£100,000",31 May 1995
"141, Kimberley Road, Cardiff CF23 5AF",DETACHED,3.0,2.0,51.49642,-3.15554,"£425,000",20 Sep 2024
"141, Kimberley Road, Cardiff CF23 5AF",DETACHED,3.0,2.0,51.49642,-3.15554,"£270,000",14 Oct 2009
"34, Alfred Street, Cardiff CF24 4TY",TERRACED,3.0,1.0,51.4944,-3.16817,"£318,000",18 Sep 2024
"34, Alfred Street, Cardiff CF24 4TY",TERRACED,3.0,1.0,51.4944,-3.16817,"£270,000",10 May 2019
"34, Alfred Street, Cardiff CF24 4TY",TERRACED,3.0,1.0,51.4944,-3.16817,"£180,000",4 Jul 2014
"34, Alfred Street, Cardiff CF24 4TY",TERRACED,3.0,1.0,51.4944,-3.16817,"£135,000",20 Sep 2002
"34, Alfred Street, Cardiff CF24 4TY",TERRACED,3.0,1.0,51.4944,-3.16817,"£66,000",4 Sep 1998
"10, Deri Road, Cardiff CF23 5AJ",TERRACED,4.0,2.0,51.49544,-3.15451,"£530,250",18 Sep 2024
"10, Deri Road, Cardiff CF23 5AJ",TERRACED,4.0,2.0,51.49544,-3.15451,"£298,000",4 Jul 2014
"10, Deri Road, Cardiff CF23 5AJ",TERRACED,4.0,2.0,51.49544,-3.15451,"£208,000",23 Feb 2006
"28, Alfred Street, Cardiff CF24 4TY",TERRACED,3.0,1.0,51.4944,-3.16817,"£285,000",17 Sep 2024
"28, Alfred Street, Cardiff CF24 4TY",TERRACED,3.0,1.0,51.4944,-3.16817,"£235,000",16 Oct 2017
"28, Alfred Street, Cardiff CF24 4TY",TERRACED,3.0,1.0,51.4944,-3.16817,"£155,000",13 Apr 2017
"10, Stallcourt Avenue, Cardiff CF23 5AN",SEMI_DETACHED,4.0,2.0,51.49508,-3.15378,"£547,000",16 Sep 2024
"10, Stallcourt Avenue, Cardiff CF23 5AN",SEMI_DETACHED,4.0,2.0,51.49508,-3.15378,"£226,500",10 Oct 2008
"10, Stallcourt Avenue, Cardiff CF23 5AN",SEMI_DETACHED,4.0,2.0,51.49508,-3.15378,"£240,000",30 May 2006
"127, Cyfarthfa Street, Cardiff CF24 3HG",TERRACED,3.0,1.0,51.49021,-3.16489,"£215,000",13 Sep 2024
"122, Arran Street, Roath, Cardiff CF24 3HU",TERRACED,3.0,1.0,51.49129,-3.16463,"£270,000",12 Sep 2024
"122, Arran Street, Roath, Cardiff CF24 3HU",TERRACED,3.0,1.0,51.49129,-3.16463,"£255,050",24 Sep 2021
"122, Arran Street, Roath, Cardiff CF24 3HU",TERRACED,3.0,1.0,51.49129,-3.16463,"£217,000",11 May 2018
"122, Arran Street, Roath, Cardiff CF24 3HU",TERRACED,3.0,1.0,51.49129,-3.16463,"£59,995",22 Jun 1998
"100, Keppoch Street, Cardiff CF24 3JU",TERRACED,2.0,1.0,51.49227,-3.16537,"£236,000",6 Sep 2024
"100, Keppoch Street, Cardiff CF24 3JU",TERRACED,2.0,1.0,51.49227,-3.16537,"£165,000",18 Dec 2015
"100, Keppoch Street, Cardiff CF24 3JU",TERRACED,2.0,1.0,51.49227,-3.16537,"£157,000",4 Nov 2009
"100, Keppoch Street, Cardiff CF24 3JU",TERRACED,2.0,1.0,51.49227,-3.16537,"£152,000",18 Feb 2005
"100, Keppoch Street, Cardiff CF24 3JU",TERRACED,2.0,1.0,51.49227,-3.16537,"£87,000",6 Jun 2003
"12, Tyler Street, Cardiff CF24 1QP",TERRACED,2.0,2.0,51.49006,-3.15221,"£212,500",5 Sep 2024
"12, Tyler Street, Cardiff CF24 1QP",TERRACED,2.0,2.0,51.49006,-3.15221,"£198,000",1 Feb 2022
"12, Tyler Street, Cardiff CF24 1QP",TERRACED,2.0,2.0,51.49006,-3.15221,"£140,000",10 Aug 2018
"12, Tyler Street, Cardiff CF24 1QP",TERRACED,2.0,2.0,51.49006,-3.15221,"£130,000",20 Oct 2006
"106, Cyfarthfa Street, Cardiff CF24 3HG",TERRACED,2.0,2.0,51.49021,-3.16489,"£224,000",3 Sep 2024
"18, Theodora Street, Cardiff CF24 1PD",TERRACED,3.0,1.0,51.48809,-3.15202,"£250,000",2 Sep 2024
"18, Theodora Street, Cardiff CF24 1PD",TERRACED,3.0,1.0,51.48809,-3.15202,"£215,000",19 Dec 2019
"18, Theodora Street, Cardiff CF24 1PD",TERRACED,3.0,1.0,51.48809,-3.15202,"£130,000",26 Jun 2007
"18, Theodora Street, Cardiff CF24 1PD",TERRACED,3.0,1.0,51.48809,-3.15202,"£48,500",31 Jul 1998
"18, Theodora Street, Cardiff CF24 1PD",TERRACED,3.0,1.0,51.48809,-3.15202,"£41,500",3 Dec 1996
"78, Mackintosh Place, Cardiff CF24 4RR",TERRACED,4.0,1.0,51.49508,-3.17279,"£335,000",2 Sep 2024
"57, Cyfarthfa Street, Cardiff CF24 3HF",TERRACED,2.0,1.0,51.49011,-3.16618,"£248,000",30 Aug 2024
"57, Cyfarthfa Street, Cardiff CF24 3HF",TERRACED,2.0,1.0,51.49011,-3.16618,"£149,950",2 Jan 2014
"57, Cyfarthfa Street, Cardiff CF24 3HF",TERRACED,2.0,1.0,51.49011,-3.16618,"£114,600",27 Jun 2003
"57, Cyfarthfa Street, Cardiff CF24 3HF",TERRACED,2.0,1.0,51.49011,-3.16618,"£71,000",20 Apr 2001
"16, Bradley Street, Cardiff CF24 1PE",TERRACED,3.0,1.0,51.48863,-3.15145,"£240,000",30 Aug 2024
"16, Bradley Street, Cardiff CF24 1PE",TERRACED,3.0,1.0,51.48863,-3.15145,"£189,000",22 Jun 2018
"16, Bradley Street, Cardiff CF24 1PE",TERRACED,3.0,1.0,51.48863,-3.15145,"£52,000",31 Mar 2000
"22, Treharris Street, Cardiff CF24 3HN",TERRACED,2.0,1.0,51.48991,-3.16776,"£220,000",23 Aug 2024
"22, Treharris Street, Cardiff CF24 3HN",TERRACED,2.0,1.0,51.48991,-3.16776,"£60,000",8 Jan 2001
"215, Inverness Place, Cardiff CF24 4RY",TERRACED,3.0,2.0,51.4975,-3.17314,"£335,000",23 Aug 2024
"215, Inverness Place, Cardiff CF24 4RY",TERRACED,3.0,2.0,51.4975,-3.17314,"£247,500",4 Dec 2018
"215, Inverness Place, Cardiff CF24 4RY",TERRACED,3.0,2.0,51.4975,-3.17314,"£153,000",9 May 2011
"12c, Oakfield Street, Cardiff CF24 3RD",FLAT,1.0,1.0,51.48936,-3.15968,"£132,000",23 Aug 2024
"12c, Oakfield Street, Cardiff CF24 3RD",FLAT,1.0,1.0,51.48936,-3.15968,"£105,000",15 May 2020
"70, Amesbury Road, Cardiff CF23 5DY",TERRACED,4.0,1.0,51.49686,-3.15598,"£482,500",23 Aug 2024
"70, Amesbury Road, Cardiff CF23 5DY",TERRACED,4.0,1.0,51.49686,-3.15598,"£390,000",17 Aug 2018
"70, Amesbury Road, Cardiff CF23 5DY",TERRACED,4.0,1.0,51.49686,-3.15598,"£307,500",18 Nov 2011
"70, Amesbury Road, Cardiff CF23 5DY",TERRACED,4.0,1.0,51.49686,-3.15598,"£175,000",20 Nov 2009
"17, Doe Close, Penylan, Cardiff CF23 9HJ",SEMI_DETACHED,3.0,2.0,51.49689,-3.15296,"£365,000",23 Aug 2024
"17, Doe Close, Penylan, Cardiff CF23 9HJ",SEMI_DETACHED,3.0,2.0,51.49689,-3.15296,"£239,950",10 Aug 2007
"17, Doe Close, Penylan, Cardiff CF23 9HJ",SEMI_DETACHED,3.0,2.0,51.49689,-3.15296,"£225,000",30 Sep 2004
"51, Waterloo Gardens, Cardiff CF23 5AB",TERRACED,3.0,1.0,51.49491,-3.15334,"£477,500",23 Aug 2024
"51, Waterloo Gardens, Cardiff CF23 5AB",TERRACED,3.0,1.0,51.49491,-3.15334,"£405,000",20 Jul 2022
"15, Sapphire Street, Cardiff CF24 1PY",TERRACED,2.0,1.0,51.48695,-3.15761,"£195,000",23 Aug 2024
"15, Sapphire Street, Cardiff CF24 1PY",TERRACED,2.0,1.0,51.48695,-3.15761,"£39,950",12 Jul 1996
"20, Angus Street, Cardiff CF24 3LY",TERRACED,3.0,1.0,51.49486,-3.16717,"£264,000",23 Aug 2024
"20, Angus Street, Cardiff CF24 3LY",TERRACED,3.0,1.0,51.49486,-3.16717,"£250,000",13 Aug 2021
"20, Angus Street, Cardiff CF24 3LY",TERRACED,3.0,1.0,51.49486,-3.16717,"£197,000",6 Oct 2017
"20, Angus Street, Cardiff CF24 3LY",TERRACED,3.0,1.0,51.49486,-3.16717,"£140,000",16 Dec 2010
"20, Angus Street, Cardiff CF24 3LY",TERRACED,3.0,1.0,51.49486,-3.16717,"£48,050",13 Jun 1995
"20, Angus Street, Cardiff CF24 3LY",TERRACED,3.0,1.0,51.49486,-3.16717,"£41,000",15 Mar 1995
"18, Blanche Street, Cardiff CF24 1QT",TERRACED,3.0,1.0,51.48955,-3.15018,"£190,000",20 Aug 2024
"18, Blanche Street, Cardiff CF24 1QT",TERRACED,3.0,1.0,51.48955,-3.15018,"£125,000",29 Jul 2014
"75, Melrose Avenue, Penylan, Cardiff CF23 9AT",TERRACED,3.0,1.0,51.49759,-3.15543,"£475,000",16 Aug 2024
"Flat 51, Thomas Court, Marlborough Road, Cardiff CF23 5EZ",FLAT,1.0,1.0,51.49519,-3.16156,"£185,000",16 Aug 2024
"Flat 51, Thomas Court, Marlborough Road, Cardiff CF23 5EZ",FLAT,1.0,1.0,51.49519,-3.16156,"£180,000",27 Nov 2015
"Flat 51, Thomas Court, Marlborough Road, Cardiff CF23 5EZ",FLAT,1.0,1.0,51.49519,-3.16156,"£196,950",28 Mar 2014
"82, Donald Street, Cardiff CF24 4TR",TERRACED,3.0,2.0,51.49566,-3.17004,"£310,000",16 Aug 2024
"82, Donald Street, Cardiff CF24 4TR",TERRACED,3.0,2.0,51.49566,-3.17004,"£225,000",30 Nov 2018
"82, Donald Street, Cardiff CF24 4TR",TERRACED,3.0,2.0,51.49566,-3.17004,"£92,000",13 Jul 2001
"82, Donald Street, Cardiff CF24 4TR",TERRACED,3.0,2.0,51.49566,-3.17004,"£70,500",11 Sep 1998
"179, Railway Street, Cardiff CF24 2NB",TERRACED,3.0,1.0,51.48603,-3.15139,"£240,000",16 Aug 2024
"179, Railway Street, Cardiff CF24 2NB",TERRACED,3.0,1.0,51.48603,-3.15139,"£165,000",31 Oct 2017
"179, Railway Street, Cardiff CF24 2NB",TERRACED,3.0,1.0,51.48603,-3.15139,"£87,500",29 Oct 2002
"179, Railway Street, Cardiff CF24 2NB",TERRACED,3.0,1.0,51.48603,-3.15139,"£75,000",17 Dec 2001
"60, Clifton Street, Cardiff CF24 1LT",TERRACED,2.0,2.0,51.48374,-3.1558,"£197,000",14 Aug 2024
"60, Clifton Street, Cardiff CF24 1LT",TERRACED,2.0,2.0,51.48374,-3.1558,"£172,000",20 Jul 2018
"60, Clifton Street, Cardiff CF24 1LT",TERRACED,2.0,2.0,51.48374,-3.1558,"£133,000",30 Jul 2007
"60, Clifton Street, Cardiff CF24 1LT",TERRACED,2.0,2.0,51.48374,-3.1558,"£87,500",31 Jul 2002
"10, Tyler Street, Cardiff CF24 1QP",TERRACED,2.0,1.0,51.49006,-3.15221,"£210,000",12 Aug 2024
"155, Cyfarthfa Street, Cardiff CF24 3HH",TERRACED,2.0,1.0,51.49049,-3.16346,"£245,000",12 Aug 2024
"155, Cyfarthfa Street, Cardiff CF24 3HH",TERRACED,2.0,1.0,51.49049,-3.16346,"£152,000",28 Jul 2014
"155, Cyfarthfa Street, Cardiff CF24 3HH",TERRACED,2.0,1.0,51.49049,-3.16346,"£148,500",19 Sep 2005
"155, Cyfarthfa Street, Cardiff CF24 3HH",TERRACED,2.0,1.0,51.49049,-3.16346,"£85,000",19 Apr 2002
"155, Cyfarthfa Street, Cardiff CF24 3HH",TERRACED,2.0,1.0,51.49049,-3.16346,"£59,950",20 Oct 2000
"155, Cyfarthfa Street, Cardiff CF24 3HH",TERRACED,2.0,1.0,51.49049,-3.16346,"£41,000",9 Mar 1995
"111, Glenroy Street, Cardiff CF24 3JZ",TERRACED,4.0,1.0,51.49271,-3.16668,"£260,000",12 Aug 2024
"111, Glenroy Street, Cardiff CF24 3JZ",TERRACED,4.0,1.0,51.49271,-3.16668,"£175,000",6 Jul 2007
"111, Glenroy Street, Cardiff CF24 3JZ",TERRACED,4.0,1.0,51.49271,-3.16668,"£103,000",2 Jul 2003
"99, Inverness Place, Cardiff CF24 4RW",TERRACED,2.0,1.0,51.49517,-3.17236,"£320,000",9 Aug 2024
"99, Inverness Place, Cardiff CF24 4RW",TERRACED,2.0,1.0,51.49517,-3.17236,"£240,000",25 Jun 2021
"99, Inverness Place, Cardiff CF24 4RW",TERRACED,2.0,1.0,51.49517,-3.17236,"£174,950",11 Sep 2008
"47, Moy Road, Roath, Cardiff CF24 4SH",TERRACED,3.0,1.0,51.49427,-3.1722,"£220,000",9 Aug 2024
"47, Moy Road, Roath, Cardiff CF24 4SH",TERRACED,3.0,1.0,51.49427,-3.1722,"£136,500",6 Jan 2003
"47, Moy Road, Roath, Cardiff CF24 4SH",TERRACED,3.0,1.0,51.49427,-3.1722,"£126,579",31 May 2002
"47, Moy Road, Roath, Cardiff CF24 4SH",TERRACED,3.0,1.0,51.49427,-3.1722,"£50,000",29 Aug 1996
"162, Pearl Street, Cardiff CF24 1RB",TERRACED,3.0,1.0,51.48829,-3.15015,"£232,000",9 Aug 2024
"162, Pearl Street, Cardiff CF24 1RB",TERRACED,3.0,1.0,51.48829,-3.15015,"£38,000",17 May 1996
"8, Cottrell Road, Roath, Cardiff CF24 3EY",TERRACED,4.0,1.0,51.49121,-3.16333,"£245,000",9 Aug 2024
"8, Cottrell Road, Roath, Cardiff CF24 3EY",TERRACED,4.0,1.0,51.49121,-3.16333,"£58,500",4 Jul 1997
"46, Sapphire Street, Cardiff CF24 1PZ",TERRACED,3.0,2.0,51.48669,-3.15731,"£230,000",9 Aug 2024
"46, Sapphire Street, Cardiff CF24 1PZ",TERRACED,3.0,2.0,51.48669,-3.15731,"£169,950",5 Apr 2017
"46, Sapphire Street, Cardiff CF24 1PZ",TERRACED,3.0,2.0,51.48669,-3.15731,"£79,950",1 May 2001
"46, Sapphire Street, Cardiff CF24 1PZ",TERRACED,3.0,2.0,51.48669,-3.15731,"£69,950",14 Apr 2000
"46, Sapphire Street, Cardiff CF24 1PZ",TERRACED,3.0,2.0,51.48669,-3.15731,"£49,250",21 Mar 1997
"19, Cyfarthfa Street, Cardiff CF24 3HE",TERRACED,3.0,1.0,51.48973,-3.16761,"£250,000",6 Aug 2024
"19, Cyfarthfa Street, Cardiff CF24 3HE",TERRACED,3.0,1.0,51.48973,-3.16761,"£185,000",7 Apr 2017
"19, Cyfarthfa Street, Cardiff CF24 3HE",TERRACED,3.0,1.0,51.48973,-3.16761,"£139,000",14 Jun 2013
"19, Cyfarthfa Street, Cardiff CF24 3HE",TERRACED,3.0,1.0,51.48973,-3.16761,"£144,000",18 Jul 2005
"19, Cyfarthfa Street, Cardiff CF24 3HE",TERRACED,3.0,1.0,51.48973,-3.16761,"£116,000",14 Apr 2003
"19, Cyfarthfa Street, Cardiff CF24 3HE",TERRACED,3.0,1.0,51.48973,-3.16761,"£85,500",17 Dec 2001
"126, Arabella Street, Cardiff CF24 4SY",TERRACED,3.0,1.0,51.49662,-3.17139,"£250,000",5 Aug 2024
"126, Arabella Street, Cardiff CF24 4SY",TERRACED,3.0,1.0,51.49662,-3.17139,"£195,500",11 Nov 2016
"126, Arabella Street, Cardiff CF24 4SY",TERRACED,3.0,1.0,51.49662,-3.17139,"£155,000",21 Sep 2010
"69, Treharris Street, Cardiff CF24 3HL",TERRACED,2.0,1.0,51.49055,-3.16634,"£232,000",2 Aug 2024
"69, Treharris Street, Cardiff CF24 3HL",TERRACED,2.0,1.0,51.49055,-3.16634,"£175,200",12 Jun 2015
"69, Treharris Street, Cardiff CF24 3HL",TERRACED,2.0,1.0,51.49055,-3.16634,"£140,500",9 Sep 2011
"69, Treharris Street, Cardiff CF24 3HL",TERRACED,2.0,1.0,51.49055,-3.16634,"£46,950",6 Aug 1996
"66, Clifton Street, Cardiff CF24 1LT",TERRACED,2.0,1.0,51.48374,-3.1558,"£212,000",2 Aug 2024
"66, Clifton Street, Cardiff CF24 1LT",TERRACED,2.0,1.0,51.48374,-3.1558,"£150,000",28 Sep 2018
"66, Clifton Street, Cardiff CF24 1LT",TERRACED,2.0,1.0,51.48374,-3.1558,"£124,000",19 Jul 2011
"66, Clifton Street, Cardiff CF24 1LT",TERRACED,2.0,1.0,51.48374,-3.1558,"£114,000",5 Mar 2004
"66, Clifton Street, Cardiff CF24 1LT",TERRACED,2.0,1.0,51.48374,-3.1558,"£45,500",30 Dec 1998
"425, Newport Road, Cardiff CF24 1RP",TERRACED,3.0,1.0,51.49309,-3.14638,"£230,000",2 Aug 2024
"8, Braeval Street, Cardiff CF24 4SJ",TERRACED,3.0,1.0,51.49435,-3.17378,"£270,000",1 Aug 2024
"8, Braeval Street, Cardiff CF24 4SJ",TERRACED,3.0,1.0,51.49435,-3.17378,"£227,500",25 Oct 2022
"8, Braeval Street, Cardiff CF24 4SJ",TERRACED,3.0,1.0,51.49435,-3.17378,"£157,000",16 Jul 2004
"8, Braeval Street, Cardiff CF24 4SJ",TERRACED,3.0,1.0,51.49435,-3.17378,"£80,000",3 Aug 2001
"3, Princes Street, Cardiff CF24 3PR",TERRACED,6.0,2.0,51.49035,-3.15956,"£480,000",31 Jul 2024
"3, Princes Street, Cardiff CF24 3PR",TERRACED,6.0,2.0,51.49035,-3.15956,"£365,000",2 Dec 2016
"3, Princes Street, Cardiff CF24 3PR",TERRACED,6.0,2.0,51.49035,-3.15956,"£72,000",30 Aug 1996
"130, Cottrell Road, Roath, Cardiff CF24 3EX",TERRACED,3.0,1.0,51.49317,-3.16511,"£245,000",31 Jul 2024
"130, Cottrell Road, Roath, Cardiff CF24 3EX",TERRACED,3.0,1.0,51.49317,-3.16511,"£150,000",9 Dec 2005
"130, Cottrell Road, Roath, Cardiff CF24 3EX",TERRACED,3.0,1.0,51.49317,-3.16511,"£73,000",24 Jul 2001
"130, Cottrell Road, Roath, Cardiff CF24 3EX",TERRACED,3.0,1.0,51.49317,-3.16511,"£50,000",13 Mar 1997
"13, Kimberley Road, Cardiff CF23 5DH",TERRACED,4.0,2.0,51.49716,-3.16204,"£575,000",31 Jul 2024
"13, Kimberley Road, Cardiff CF23 5DH",TERRACED,4.0,2.0,51.49716,-3.16204,"£428,450",24 Nov 2015
"13, Kimberley Road, Cardiff CF23 5DH",TERRACED,4.0,2.0,51.49716,-3.16204,"£340,000",18 Jun 2015
"13, Kimberley Road, Cardiff CF23 5DH",TERRACED,4.0,2.0,51.49716,-3.16204,"£312,000",2 Mar 2007
"13, Kimberley Road, Cardiff CF23 5DH",TERRACED,4.0,2.0,51.49716,-3.16204,"£282,000",22 Dec 2003
"13, Kimberley Road, Cardiff CF23 5DH",TERRACED,4.0,2.0,51.49716,-3.16204,"£190,000",4 Oct 2002
"29, Ruby Street, Cardiff CF24 1LP",TERRACED,3.0,2.0,51.48588,-3.15671,"£230,000",26 Jul 2024
"29, Ruby Street, Cardiff CF24 1LP",TERRACED,3.0,2.0,51.48588,-3.15671,"£138,000",2 Sep 2015
"29, Ruby Street, Cardiff CF24 1LP",TERRACED,3.0,2.0,51.48588,-3.15671,"£122,500",27 Mar 2009
"29, Ruby Street, Cardiff CF24 1LP",TERRACED,3.0,2.0,51.48588,-3.15671,"£39,500",29 Aug 1997
"32, Horwood Close, Cardiff CF24 2LW",TERRACED,1.0,1.0,51.48849,-3.14727,"£160,000",26 Jul 2024
"32, Horwood Close, Cardiff CF24 2LW",TERRACED,1.0,1.0,51.48849,-3.14727,"£130,000",15 Oct 2018
"32, Horwood Close, Cardiff CF24 2LW",TERRACED,1.0,1.0,51.48849,-3.14727,"£100,000",4 Sep 2006
"158, Glenroy Street, Cardiff CF24 3LA",TERRACED,3.0,1.0,51.49299,-3.16568,"£225,000",26 Jul 2024
"3b, Moira Place, Cardiff CF24 0ER",FLAT,2.0,1.0,51.48213,-3.16368,"£140,000",26 Jul 2024
"3b, Moira Place, Cardiff CF24 0ER",FLAT,2.0,1.0,51.48213,-3.16368,"£85,500",19 Jan 2012
"10, Sandringham Road, Cardiff CF23 5BH",DETACHED,4.0,1.0,51.49573,-3.161,"£505,000",23 Jul 2024
"10, Sandringham Road, Cardiff CF23 5BH",DETACHED,4.0,1.0,51.49573,-3.161,"£120,000",22 Dec 1998
"64, Clifton Street, Cardiff CF24 1LT",TERRACED,2.0,1.0,51.48374,-3.1558,"£225,000",23 Jul 2024
"136, Daviot Street, Cardiff CF24 4SQ",FLAT,1.0,1.0,51.49623,-3.17441,"£138,000",22 Jul 2024
"136, Daviot Street, Cardiff CF24 4SQ",FLAT,1.0,1.0,51.49623,-3.17441,"£101,000",18 May 2015
"136, Daviot Street, Cardiff CF24 4SQ",FLAT,1.0,1.0,51.49623,-3.17441,"£65,000",30 Sep 2002
"136, Daviot Street, Cardiff CF24 4SQ",FLAT,1.0,1.0,51.49623,-3.17441,"£33,500",24 Apr 1998
"136, Daviot Street, Cardiff CF24 4SQ",FLAT,1.0,1.0,51.49623,-3.17441,"£30,000",23 Oct 1996
"27, Cecil Street, Roath, Cardiff CF24 1NU",TERRACED,3.0,1.0,51.48762,-3.15402,"£205,000",19 Jul 2024
"32, Roath Court Road, Cardiff CF24 3SD",TERRACED,3.0,1.0,51.49214,-3.16091,"£490,000",19 Jul 2024
"32, Roath Court Road, Cardiff CF24 3SD",TERRACED,3.0,1.0,51.49214,-3.16091,"£238,000",1 Jun 2012
"34, Arabella Street, Cardiff CF24 4TA",TERRACED,2.0,1.0,51.49393,-3.17031,"£295,000",19 Jul 2024
"34, Arabella Street, Cardiff CF24 4TA",TERRACED,2.0,1.0,51.49393,-3.17031,"£200,000",26 Oct 2016
"34, Arabella Street, Cardiff CF24 4TA",TERRACED,2.0,1.0,51.49393,-3.17031,"£151,000",24 Nov 2010
"14, Westville Road, Cardiff CF23 5AG",TERRACED,4.0,2.0,51.49606,-3.15539,"£485,000",12 Jul 2024
"14, Westville Road, Cardiff CF23 5AG",TERRACED,4.0,2.0,51.49606,-3.15539,"£250,000",5 Jul 2013
"40, Metal Street, Cardiff CF24 0JZ",TERRACED,3.0,2.0,51.48505,-3.15972,"£245,000",10 Jul 2024
"40, Metal Street, Cardiff CF24 0JZ",TERRACED,3.0,2.0,51.48505,-3.15972,"£146,000",22 Dec 2011
"40, Metal Street, Cardiff CF24 0JZ",TERRACED,3.0,2.0,51.48505,-3.15972,"£105,000",21 May 2009
"8, Augusta Street, Cardiff CF24 0EN",TERRACED,3.0,1.0,51.48276,-3.16384,"£215,000",10 Jul 2024
"8, Augusta Street, Cardiff CF24 0EN",TERRACED,3.0,1.0,51.48276,-3.16384,"£146,000",20 Aug 2007
"8, Augusta Street, Cardiff CF24 0EN",TERRACED,3.0,1.0,51.48276,-3.16384,"£100,000",27 Jun 2003
"12, Daviot Street, Cardiff CF24 4SL",TERRACED,2.0,1.0,51.49515,-3.17395,"£245,000",8 Jul 2024
"12, Daviot Street, Cardiff CF24 4SL",TERRACED,2.0,1.0,51.49515,-3.17395,"£179,950",16 Oct 2015
"12, Daviot Street, Cardiff CF24 4SL",TERRACED,2.0,1.0,51.49515,-3.17395,"£145,000",24 Jun 2009
"12, Daviot Street, Cardiff CF24 4SL",TERRACED,2.0,1.0,51.49515,-3.17395,"£60,000",17 Dec 2001
"160, Donald Street, Cardiff CF24 4TP",TERRACED,2.0,1.0,51.49752,-3.17113,"£194,000",8 Jul 2024
"4, Upper Kincraig Street, Roath, Cardiff CF24 3HA",TERRACED,2.0,1.0,51.49172,-3.16623,"£269,000",5 Jul 2024
"4, Upper Kincraig Street, Roath, Cardiff CF24 3HA",TERRACED,2.0,1.0,51.49172,-3.16623,"£155,000",14 Dec 2015
"4, Upper Kincraig Street, Roath, Cardiff CF24 3HA",TERRACED,2.0,1.0,51.49172,-3.16623,"£49,950",5 Jul 1996
"66, Cottrell Road, Roath, Cardiff CF24 3EZ",TERRACED,3.0,1.0,51.4922,-3.16408,"£290,000",1 Jul 2024
"66, Cottrell Road, Roath, Cardiff CF24 3EZ",TERRACED,3.0,1.0,51.4922,-3.16408,"£154,950",8 Jul 2014
"15, Amesbury Road, Cardiff CF23 5DW",TERRACED,3.0,1.0,51.49692,-3.15872,"£450,000",28 Jun 2024
"15, Amesbury Road, Cardiff CF23 5DW",TERRACED,3.0,1.0,51.49692,-3.15872,"£225,000",18 Jun 2013
"46, Arran Street, Roath, Cardiff CF24 3HS",TERRACED,3.0,1.0,51.49036,-3.16821,"£236,500",28 Jun 2024
"33, Boverton Street, Cardiff CF23 5ES",TERRACED,3.0,2.0,51.49903,-3.17304,"£502,000",27 Jun 2024
"33, Boverton Street, Cardiff CF23 5ES",TERRACED,3.0,2.0,51.49903,-3.17304,"£430,000",13 Mar 2019
"33, Boverton Street, Cardiff CF23 5ES",TERRACED,3.0,2.0,51.49903,-3.17304,"£405,000",20 May 2016
"33, Boverton Street, Cardiff CF23 5ES",TERRACED,3.0,2.0,51.49903,-3.17304,"£135,000",31 Mar 2000
"93, Anderson Place, Cardiff CF24 0HH",TERRACED,3.0,2.0,51.483,-3.15765,"£178,000",25 Jun 2024
"2, Pearl Place, Cardiff CF24 1HE",TERRACED,3.0,1.0,51.48392,-3.15537,"£265,000",24 Jun 2024
"2, Pearl Place, Cardiff CF24 1HE",TERRACED,3.0,1.0,51.48392,-3.15537,"£220,000",18 Dec 2020
"115, Bedford Street, Cardiff CF24 3DB",TERRACED,2.0,1.0,51.4888,-3.17047,"£210,000",24 Jun 2024
"34, Cyfarthfa Street, Cardiff CF24 3HE",TERRACED,2.0,1.0,51.48973,-3.16761,"£250,000",21 Jun 2024
"34, Cyfarthfa Street, Cardiff CF24 3HE",TERRACED,2.0,1.0,51.48973,-3.16761,"£238,344",24 Feb 2022
"34, Cyfarthfa Street, Cardiff CF24 3HE",TERRACED,2.0,1.0,51.48973,-3.16761,"£163,100",21 Nov 2014
"34, Cyfarthfa Street, Cardiff CF24 3HE",TERRACED,2.0,1.0,51.48973,-3.16761,"£140,000",27 Jul 2011
"34, Cyfarthfa Street, Cardiff CF24 3HE",TERRACED,2.0,1.0,51.48973,-3.16761,"£60,000",21 Dec 2000
"141, Keppoch Street, Cardiff CF24 3JU",TERRACED,2.0,1.0,51.49227,-3.16537,"£235,000",21 Jun 2024
"141, Keppoch Street, Cardiff CF24 3JU",TERRACED,2.0,1.0,51.49227,-3.16537,"£152,000",28 Oct 2013
"141, Keppoch Street, Cardiff CF24 3JU",TERRACED,2.0,1.0,51.49227,-3.16537,"£145,250",26 Jul 2006
"141, Keppoch Street, Cardiff CF24 3JU",TERRACED,2.0,1.0,51.49227,-3.16537,"£70,000",23 Jun 2000
"141, Keppoch Street, Cardiff CF24 3JU",TERRACED,2.0,1.0,51.49227,-3.16537,"£55,500",29 Sep 1997
"24, Upper Kincraig Street, Roath, Cardiff CF24 3HA",TERRACED,2.0,1.0,51.49172,-3.16623,"£275,000",21 Jun 2024
"24, Upper Kincraig Street, Roath, Cardiff CF24 3HA",TERRACED,2.0,1.0,51.49172,-3.16623,"£156,500",19 Jul 2013
"24, Upper Kincraig Street, Roath, Cardiff CF24 3HA",TERRACED,2.0,1.0,51.49172,-3.16623,"£147,000",29 Sep 2009
"24, Upper Kincraig Street, Roath, Cardiff CF24 3HA",TERRACED,2.0,1.0,51.49172,-3.16623,"£99,000",23 Sep 2002
"24, Upper Kincraig Street, Roath, Cardiff CF24 3HA",TERRACED,2.0,1.0,51.49172,-3.16623,"£49,950",17 Jan 1997
"102, Keppoch Street, Cardiff CF24 3JU",TERRACED,2.0,1.0,51.49227,-3.16537,"£234,500",20 Jun 2024
"102, Keppoch Street, Cardiff CF24 3JU",TERRACED,2.0,1.0,51.49227,-3.16537,"£46,750",25 Oct 1996
"56, Emerald Street, Cardiff CF24 1QB",TERRACED,2.0,1.0,51.48624,-3.15687,"£220,000",20 Jun 2024
"56, Emerald Street, Cardiff CF24 1QB",TERRACED,2.0,1.0,51.48624,-3.15687,"£135,500",28 Jun 2013
"56, Emerald Street, Cardiff CF24 1QB",TERRACED,2.0,1.0,51.48624,-3.15687,"£135,000",22 Jul 2011
"56, Emerald Street, Cardiff CF24 1QB",TERRACED,2.0,1.0,51.48624,-3.15687,"£137,000",30 Jun 2006
"84, Arabella Street, Cardiff CF24 4TB",TERRACED,3.0,1.0,51.49536,-3.17107,"£300,550",19 Jun 2024
"84, Arabella Street, Cardiff CF24 4TB",TERRACED,3.0,1.0,51.49536,-3.17107,"£222,000",31 Jan 2018
"84, Arabella Street, Cardiff CF24 4TB",TERRACED,3.0,1.0,51.49536,-3.17107,"£85,000",14 Mar 2002
"84, Arabella Street, Cardiff CF24 4TB",TERRACED,3.0,1.0,51.49536,-3.17107,"£58,750",2 Oct 1998
"73, Marlborough Road, Cardiff CF23 5BU",TERRACED,4.0,2.0,51.49405,-3.15879,"£467,000",14 Jun 2024
"73, Marlborough Road, Cardiff CF23 5BU",TERRACED,4.0,2.0,51.49405,-3.15879,"£98,000",3 Aug 1998
"4, Blanche Street, Cardiff CF24 1QT",TERRACED,3.0,1.0,51.48955,-3.15018,"£193,000",14 Jun 2024
"4, Blanche Street, Cardiff CF24 1QT",TERRACED,3.0,1.0,51.48955,-3.15018,"£40,000",23 Dec 1999
"51, Constellation Street, Cardiff CF24 0HJ",TERRACED,2.0,2.0,51.48243,-3.16052,"£220,000",13 Jun 2024
"51, Constellation Street, Cardiff CF24 0HJ",TERRACED,2.0,2.0,51.48243,-3.16052,"£130,000",18 Dec 2014
"51, Constellation Street, Cardiff CF24 0HJ",TERRACED,2.0,2.0,51.48243,-3.16052,"£136,242",9 Nov 2012
"51, Constellation Street, Cardiff CF24 0HJ",TERRACED,2.0,2.0,51.48243,-3.16052,"£135,000",2 Mar 2007
"51, Constellation Street, Cardiff CF24 0HJ",TERRACED,2.0,2.0,51.48243,-3.16052,"£51,500",20 Oct 2000
"225, Inverness Place, Cardiff CF24 4RY",TERRACED,3.0,1.0,51.4975,-3.17314,"£349,000",7 Jun 2024
"225, Inverness Place, Cardiff CF24 4RY",TERRACED,3.0,1.0,51.4975,-3.17314,"£290,000",10 Jan 2020
"225, Inverness Place, Cardiff CF24 4RY",TERRACED,3.0,1.0,51.4975,-3.17314,"£250,000",14 Oct 2016
"225, Inverness Place, Cardiff CF24 4RY",TERRACED,3.0,1.0,51.4975,-3.17314,"£160,000",2 Oct 2009
"225, Inverness Place, Cardiff CF24 4RY",TERRACED,3.0,1.0,51.4975,-3.17314,"£60,000",13 Jun 1995
"15, Waterloo Close, Cardiff CF23 5ED",TERRACED,2.0,2.0,51.49502,-3.15162,"£280,000",5 Jun 2024
"15, Waterloo Close, Cardiff CF23 5ED",TERRACED,2.0,2.0,51.49502,-3.15162,"£64,000",23 Apr 1997
"19, Braeval Street, Cardiff CF24 4SJ",TERRACED,3.0,1.0,51.49435,-3.17378,"£267,000",3 Jun 2024
"19, Braeval Street, Cardiff CF24 4SJ",TERRACED,3.0,1.0,51.49435,-3.17378,"£182,500",5 Oct 2018
"12, Spring Gardens Place, Cardiff CF24 1QZ",TERRACED,2.0,1.0,51.49046,-3.14833,"£210,000",31 May 2024
"12, Spring Gardens Place, Cardiff CF24 1QZ",TERRACED,2.0,1.0,51.49046,-3.14833,"£141,000",31 Jan 2018
"12, Spring Gardens Place, Cardiff CF24 1QZ",TERRACED,2.0,1.0,51.49046,-3.14833,"£29,000",6 Aug 1996
"28, Elm Street, Cardiff CF24 3QS",TERRACED,3.0,0.0,51.48806,-3.16368,"£247,000",31 May 2024
"28, Elm Street, Cardiff CF24 3QS",TERRACED,3.0,0.0,51.48806,-3.16368,"£227,500",24 Mar 2023
"28, Elm Street, Cardiff CF24 3QS",TERRACED,3.0,0.0,51.48806,-3.16368,"£110,000",7 Jun 2011
"1, Cameron Street, Cardiff CF24 2NX",TERRACED,2.0,1.0,51.48676,-3.14954,"£250,000",30 May 2024
"1, Cameron Street, Cardiff CF24 2NX",TERRACED,2.0,1.0,51.48676,-3.14954,"£200,000",29 Oct 2019
"1, Cameron Street, Cardiff CF24 2NX",TERRACED,2.0,1.0,51.48676,-3.14954,"£120,000",4 Nov 2011
"1, Cameron Street, Cardiff CF24 2NX",TERRACED,2.0,1.0,51.48676,-3.14954,"£37,500",8 Sep 1995
"88, Colchester Avenue, Penylan, Cardiff CF23 9AZ",SEMI_DETACHED,4.0,2.0,51.49812,-3.15573,"£690,000",29 May 2024
"88, Colchester Avenue, Penylan, Cardiff CF23 9AZ",SEMI_DETACHED,4.0,2.0,51.49812,-3.15573,"£310,000",30 Oct 2015
"22, Upper Kincraig Street, Roath, Cardiff CF24 3HA",TERRACED,2.0,1.0,51.49172,-3.16623,"£225,000",28 May 2024
"22, Upper Kincraig Street, Roath, Cardiff CF24 3HA",TERRACED,2.0,1.0,51.49172,-3.16623,"£196,775",2 Sep 2019
"7, Stacey Road, Cardiff CF24 1DR",TERRACED,3.0,2.0,51.48831,-3.15721,"£306,250",24 May 2024
"7, Stacey Road, Cardiff CF24 1DR",TERRACED,3.0,2.0,51.48831,-3.15721,"£220,000",27 Apr 2021
"7, Stacey Road, Cardiff CF24 1DR",TERRACED,3.0,2.0,51.48831,-3.15721,"£180,000",15 Aug 2011
"7, Stacey Road, Cardiff CF24 1DR",TERRACED,3.0,2.0,51.48831,-3.15721,"£132,500",16 Nov 2010
"7, Stacey Road, Cardiff CF24 1DR",TERRACED,3.0,2.0,51.48831,-3.15721,"£72,000",13 Sep 2000
"7, Stacey Road, Cardiff CF24 1DR",TERRACED,3.0,2.0,51.48831,-3.15721,"£57,950",6 Mar 1998
"7, Stacey Road, Cardiff CF24 1DR",TERRACED,3.0,2.0,51.48831,-3.15721,"£57,950",6 Mar 1998
"11, Prince Leopold Street, Cardiff CF24 0HT",TERRACED,3.0,1.0,51.48153,-3.1602,"£205,000",20 May 2024
"11, Prince Leopold Street, Cardiff CF24 0HT",TERRACED,3.0,1.0,51.48153,-3.1602,"£185,000",7 Sep 2018
"10, Morlais Street, Cardiff CF23 5HQ",TERRACED,4.0,2.0,51.4993,-3.17348,"£500,000",17 May 2024
"10, Morlais Street, Cardiff CF23 5HQ",TERRACED,4.0,2.0,51.4993,-3.17348,"£448,000",6 May 2022
"10, Morlais Street, Cardiff CF23 5HQ",TERRACED,4.0,2.0,51.4993,-3.17348,"£95,000",12 Jun 1997
"83, Cyfarthfa Street, Cardiff CF24 3HF",TERRACED,3.0,1.0,51.49011,-3.16618,"£220,000",16 May 2024
"83, Cyfarthfa Street, Cardiff CF24 3HF",TERRACED,3.0,1.0,51.49011,-3.16618,"£135,000",8 Aug 2011
"83, Cyfarthfa Street, Cardiff CF24 3HF",TERRACED,3.0,1.0,51.49011,-3.16618,"£56,950",30 Jun 1999
"20, Prince Leopold Street, Cardiff CF24 0HT",TERRACED,3.0,1.0,51.48153,-3.1602,"£175,000",15 May 2024
"20, Prince Leopold Street, Cardiff CF24 0HT",TERRACED,3.0,1.0,51.48153,-3.1602,"£42,000",22 Sep 2000
"39, Doe Close, Penylan, Cardiff CF23 9HJ",TERRACED,3.0,1.0,51.49689,-3.15296,"£340,000",14 May 2024
"138, Mackintosh Place, Cardiff CF24 4RS",TERRACED,3.0,2.0,51.49633,-3.17326,"£243,500",10 May 2024
"129, Cyfarthfa Street, Cardiff CF24 3HH",TERRACED,2.0,1.0,51.49049,-3.16346,"£245,000",10 May 2024
"129, Cyfarthfa Street, Cardiff CF24 3HH",TERRACED,2.0,1.0,51.49049,-3.16346,"£173,000",30 Jun 2017
"129, Cyfarthfa Street, Cardiff CF24 3HH",TERRACED,2.0,1.0,51.49049,-3.16346,"£179,000",2 Jun 2006
"129, Cyfarthfa Street, Cardiff CF24 3HH",TERRACED,2.0,1.0,51.49049,-3.16346,"£100,000",18 Nov 2005
"40, Spring Gardens Terrace, Cardiff CF24 1QX",TERRACED,2.0,1.0,51.48992,-3.14817,"£193,000",3 May 2024
"40, Spring Gardens Terrace, Cardiff CF24 1QX",TERRACED,2.0,1.0,51.48992,-3.14817,"£147,000",30 Oct 2017
"40, Spring Gardens Terrace, Cardiff CF24 1QX",TERRACED,2.0,1.0,51.48992,-3.14817,"£110,000",16 Jan 2015
"40, Spring Gardens Terrace, Cardiff CF24 1QX",TERRACED,2.0,1.0,51.48992,-3.14817,"£38,750",1 Nov 1999
"26, Deri Road, Cardiff CF23 5AJ",TERRACED,3.0,2.0,51.49544,-3.15451,"£525,000",3 May 2024
"26, Deri Road, Cardiff CF23 5AJ",TERRACED,3.0,2.0,51.49544,-3.15451,"£345,000",8 Feb 2019
"15, Blanche Street, Cardiff CF24 1QS",TERRACED,3.0,1.0,51.48981,-3.15019,"£190,000",30 Apr 2024
"138, Donald Street, Cardiff CF24 4TN",TERRACED,3.0,1.0,51.49672,-3.17053,"£295,000",26 Apr 2024
"37, Blanche Street, Cardiff CF24 1QS",TERRACED,3.0,1.0,51.48981,-3.15019,"£235,000",26 Apr 2024
"37, Blanche Street, Cardiff CF24 1QS",TERRACED,3.0,1.0,51.48981,-3.15019,"£160,000",4 May 2018
"37, Blanche Street, Cardiff CF24 1QS",TERRACED,3.0,1.0,51.48981,-3.15019,"£110,000",17 Jul 2008
"37, Blanche Street, Cardiff CF24 1QS",TERRACED,3.0,1.0,51.48981,-3.15019,"£120,000",30 Jan 2004
"10, Wellfield Place, Cardiff CF24 3PD",TERRACED,5.0,2.0,51.49471,-3.16486,"£286,000",25 Apr 2024
"10, Wellfield Place, Cardiff CF24 3PD",TERRACED,5.0,2.0,51.49471,-3.16486,"£145,000",21 Nov 2003
"37, Mafeking Road, Cardiff CF23 5DQ",TERRACED,4.0,2.0,51.49772,-3.16047,"£505,000",25 Apr 2024
"37, Mafeking Road, Cardiff CF23 5DQ",TERRACED,4.0,2.0,51.49772,-3.16047,"£285,000",5 Jun 2014
"114, Inverness Place, Cardiff CF24 4SA",TERRACED,4.0,2.0,51.49526,-3.17193,"£312,000",23 Apr 2024
"114, Inverness Place, Cardiff CF24 4SA",TERRACED,4.0,2.0,51.49526,-3.17193,"£160,000",28 Feb 2014
"114, Inverness Place, Cardiff CF24 4SA",TERRACED,4.0,2.0,51.49526,-3.17193,"£155,000",18 Dec 2006
"114, Inverness Place, Cardiff CF24 4SA",TERRACED,4.0,2.0,51.49526,-3.17193,"£150,000",30 Apr 2004
"114, Inverness Place, Cardiff CF24 4SA",TERRACED,4.0,2.0,51.49526,-3.17193,"£77,950",10 Aug 2001
"Ground Floor Flat, 106, Connaught Road, Cardiff CF24 3PY",FLAT,2.0,1.0,51.4931,-3.16324,"£172,250",19 Apr 2024
"26, Moira Place, Cardiff CF24 0ET",TERRACED,4.0,1.0,51.48169,-3.16294,"£303,000",18 Apr 2024
"26, Moira Place, Cardiff CF24 0ET",TERRACED,4.0,1.0,51.48169,-3.16294,"£62,000",28 Jan 2000
"26, Moira Place, Cardiff CF24 0ET",TERRACED,4.0,1.0,51.48169,-3.16294,"£33,000",30 Jan 1998
"45, Upper Kincraig Street, Roath, Cardiff CF24 3HB",TERRACED,2.0,1.0,51.49201,-3.16508,"£268,000",12 Apr 2024
"45, Upper Kincraig Street, Roath, Cardiff CF24 3HB",TERRACED,2.0,1.0,51.49201,-3.16508,"£205,000",19 Jan 2018
"45, Upper Kincraig Street, Roath, Cardiff CF24 3HB",TERRACED,2.0,1.0,51.49201,-3.16508,"£167,500",3 Nov 2014
"45, Upper Kincraig Street, Roath, Cardiff CF24 3HB",TERRACED,2.0,1.0,51.49201,-3.16508,"£143,000",15 Oct 2009
"45, Upper Kincraig Street, Roath, Cardiff CF24 3HB",TERRACED,2.0,1.0,51.49201,-3.16508,"£69,000",15 Dec 1999
"5, Melrose Avenue, Penylan, Cardiff CF23 9AR",TERRACED,3.0,1.0,51.49854,-3.15934,"£435,000",12 Apr 2024
"31, Amesbury Road, Cardiff CF23 5DW",TERRACED,3.0,2.0,51.49692,-3.15872,"£465,000",8 Apr 2024
"31, Amesbury Road, Cardiff CF23 5DW",TERRACED,3.0,2.0,51.49692,-3.15872,"£260,000",5 Oct 2006
"31, Amesbury Road, Cardiff CF23 5DW",TERRACED,3.0,2.0,51.49692,-3.15872,"£84,000",5 Jun 1997
"12, Orbit Street, Cardiff CF24 0JX",TERRACED,2.0,1.0,51.48504,-3.16029,"£140,000",8 Apr 2024
"12, Orbit Street, Cardiff CF24 0JX",TERRACED,2.0,1.0,51.48504,-3.16029,"£128,000",22 May 2017
"118, Kimberley Road, Cardiff CF23 5AF",SEMI_DETACHED,4.0,2.0,51.49642,-3.15554,"£675,000",8 Apr 2024
"118, Kimberley Road, Cardiff CF23 5AF",SEMI_DETACHED,4.0,2.0,51.49642,-3.15554,"£105,550",29 Aug 1997
"78, Inverness Place, Cardiff CF24 4SA",TERRACED,3.0,1.0,51.49526,-3.17193,"£280,000",5 Apr 2024
"117, Westville Road, Cardiff CF23 5AG",TERRACED,3.0,1.0,51.49606,-3.15539,"£360,000",5 Apr 2024
"120, Cottrell Road, Roath, Cardiff CF24 3EX",TERRACED,4.0,1.0,51.49317,-3.16511,"£267,500",5 Apr 2024
"96, Ffordd Nowell, Penylan, Cardiff CF23 9FB",SEMI_DETACHED,4.0,2.0,51.49539,-3.15018,"£345,000",5 Apr 2024
"96, Ffordd Nowell, Penylan, Cardiff CF23 9FB",SEMI_DETACHED,4.0,2.0,51.49539,-3.15018,"£300,500",11 Sep 2020
"96, Ffordd Nowell, Penylan, Cardiff CF23 9FB",SEMI_DETACHED,4.0,2.0,51.49539,-3.15018,"£280,000",1 Dec 2017
"71, Clifton Street, Cardiff CF24 1LT",TERRACED,2.0,1.0,51.48374,-3.1558,"£192,500",5 Apr 2024
"71, Clifton Street, Cardiff CF24 1LT",TERRACED,2.0,1.0,51.48374,-3.1558,"£137,000",26 Aug 2015
"71, Clifton Street, Cardiff CF24 1LT",TERRACED,2.0,1.0,51.48374,-3.1558,"£93,000",10 Oct 2002
"71, Clifton Street, Cardiff CF24 1LT",TERRACED,2.0,1.0,51.48374,-3.1558,"£53,000",8 May 2000
"71, Clifton Street, Cardiff CF24 1LT",TERRACED,2.0,1.0,51.48374,-3.1558,"£37,000",13 Mar 1997
"6, Silver Street, Cardiff CF24 0LG",TERRACED,2.0,1.0,51.4855,-3.15887,"£242,000",5 Apr 2024
"6, Silver Street, Cardiff CF24 0LG",TERRACED,2.0,1.0,51.4855,-3.15887,"£149,950",25 May 2017
"265, Albany Road, Cardiff CF24 3NX",TERRACED,5.0,1.0,51.49289,-3.15704,"£510,000",3 Apr 2024
"265, Albany Road, Cardiff CF24 3NX",TERRACED,5.0,1.0,51.49289,-3.15704,"£400,000",30 May 2019
"29, Spring Gardens Place, Cardiff CF24 1QY",TERRACED,2.0,1.0,51.49064,-3.14848,"£200,000",28 Mar 2024
"29, Spring Gardens Place, Cardiff CF24 1QY",TERRACED,2.0,1.0,51.49064,-3.14848,"£165,000",16 Dec 2020
"29, Spring Gardens Place, Cardiff CF24 1QY",TERRACED,2.0,1.0,51.49064,-3.14848,"£133,000",29 Jul 2010
"84, Cottrell Road, Roath, Cardiff CF24 3EZ",TERRACED,3.0,1.0,51.4922,-3.16408,"£249,000",28 Mar 2024
"84, Cottrell Road, Roath, Cardiff CF24 3EZ",TERRACED,3.0,1.0,51.4922,-3.16408,"£139,580",23 Mar 2012
"91, Mackintosh Place, Cardiff CF24 4RL",SEMI_DETACHED,2.0,1.0,51.49516,-3.17337,"£175,000",28 Mar 2024
"91, Mackintosh Place, Cardiff CF24 4RL",SEMI_DETACHED,2.0,1.0,51.49516,-3.17337,"£147,000",13 Mar 2008
"91, Mackintosh Place, Cardiff CF24 4RL",SEMI_DETACHED,2.0,1.0,51.49516,-3.17337,"£117,000",22 Nov 2006
"91, Mackintosh Place, Cardiff CF24 4RL",SEMI_DETACHED,2.0,1.0,51.49516,-3.17337,"£56,875",9 Mar 1999
"9, Alfred Street, Cardiff CF24 4TY",TERRACED,3.0,1.0,51.4944,-3.16817,"£220,000",26 Mar 2024
"9, Alfred Street, Cardiff CF24 4TY",TERRACED,3.0,1.0,51.4944,-3.16817,"£109,664",6 Jul 2007
"9, Alfred Street, Cardiff CF24 4TY",TERRACED,3.0,1.0,51.4944,-3.16817,"£85,000",28 Sep 2001
"16, Talworth Street, Roath, Cardiff CF24 3EJ",TERRACED,4.0,4.0,51.4892,-3.16674,"£240,000",22 Mar 2024
"16, Talworth Street, Roath, Cardiff CF24 3EJ",TERRACED,4.0,4.0,51.4892,-3.16674,"£184,000",31 May 2011
"16, Talworth Street, Roath, Cardiff CF24 3EJ",TERRACED,4.0,4.0,51.4892,-3.16674,"£183,950",10 Sep 2007
"16, Talworth Street, Roath, Cardiff CF24 3EJ",TERRACED,4.0,4.0,51.4892,-3.16674,"£90,000",31 Aug 2001
"20, Silver Street, Cardiff CF24 0LG",TERRACED,3.0,1.0,51.4855,-3.15887,"£236,000",22 Mar 2024
"20, Silver Street, Cardiff CF24 0LG",TERRACED,3.0,1.0,51.4855,-3.15887,"£137,500",19 Jun 2013
"20, Silver Street, Cardiff CF24 0LG",TERRACED,3.0,1.0,51.4855,-3.15887,"£47,500",13 Jun 1997
"20, Minster Road, Cardiff CF23 5AS",TERRACED,3.0,1.0,51.49223,-3.15183,"£418,863",22 Mar 2024
"20, Minster Road, Cardiff CF23 5AS",TERRACED,3.0,1.0,51.49223,-3.15183,"£315,000",4 Oct 2018
"20, Minster Road, Cardiff CF23 5AS",TERRACED,3.0,1.0,51.49223,-3.15183,"£250,000",6 Jul 2012
"20, Minster Road, Cardiff CF23 5AS",TERRACED,3.0,1.0,51.49223,-3.15183,"£182,500",9 Mar 2004
"20, Minster Road, Cardiff CF23 5AS",TERRACED,3.0,1.0,51.49223,-3.15183,"£89,950",27 Mar 1998
"133, Keppoch Street, Cardiff CF24 3JU",TERRACED,2.0,1.0,51.49227,-3.16537,"£234,950",21 Mar 2024
"133, Keppoch Street, Cardiff CF24 3JU",TERRACED,2.0,1.0,51.49227,-3.16537,"£203,000",18 Dec 2020
"133, Keppoch Street, Cardiff CF24 3JU",TERRACED,2.0,1.0,51.49227,-3.16537,"£149,000",28 Nov 2011
"133, Keppoch Street, Cardiff CF24 3JU",TERRACED,2.0,1.0,51.49227,-3.16537,"£159,950",1 Jun 2007
"133, Keppoch Street, Cardiff CF24 3JU",TERRACED,2.0,1.0,51.49227,-3.16537,"£86,000",24 May 2002
"133, Keppoch Street, Cardiff CF24 3JU",TERRACED,2.0,1.0,51.49227,-3.16537,"£42,500",30 Oct 1996
"34a, Stacey Road, Cardiff CF24 1DU",FLAT,2.0,1.0,51.48913,-3.15579,"£145,500",21 Mar 2024
"34a, Stacey Road, Cardiff CF24 1DU",FLAT,2.0,1.0,51.48913,-3.15579,"£97,000",25 Apr 2019
"36, Topaz Street, Cardiff CF24 1PH",TERRACED,3.0,1.0,51.48526,-3.15598,"£231,000",18 Mar 2024
"36, Topaz Street, Cardiff CF24 1PH",TERRACED,3.0,1.0,51.48526,-3.15598,"£205,000",9 Aug 2019
"36, Topaz Street, Cardiff CF24 1PH",TERRACED,3.0,1.0,51.48526,-3.15598,"£115,000",25 Aug 2011
"43, Inverness Place, Cardiff CF24 4RU",TERRACED,2.0,1.0,51.49356,-3.1716,"£217,000",15 Mar 2024
"43, Inverness Place, Cardiff CF24 4RU",TERRACED,2.0,1.0,51.49356,-3.1716,"£206,000",30 Aug 2019
"43, Inverness Place, Cardiff CF24 4RU",TERRACED,2.0,1.0,51.49356,-3.1716,"£159,950",1 Dec 2006
"43, Inverness Place, Cardiff CF24 4RU",TERRACED,2.0,1.0,51.49356,-3.1716,"£118,000",24 Jan 2003
"43, Inverness Place, Cardiff CF24 4RU",TERRACED,2.0,1.0,51.49356,-3.1716,"£55,000",23 Oct 2001
